111,170,1,0,0,1,0,0,0,0,0,0,5,84,109,97,108,108,3,99,111,109,0,0,1,0,1
219,253,1,0,0,1,0,0,0,0,0,0,5,84,109,97,108,108,3,99,111,109,0,0,28,0,1
219,253,129,128,0,1,0,0,0,1,0,0,5,84,109,97,108,108,3,99,111,109,0,0,28,0,1,5,116,109,97,108,108,192,18,0,6,0,1,0,0,0,55,0,57,3,110,115,52,6,116,97,111,98,97,111,192,18,10,104,111,115,116,109,97,115,116,101,114,10,97,108,105,98,97,98,97,100,110,115,192,18,120,72,103,229,0,0,14,16,0,0,4,176,0,0,14,16,0,0,1,104
111,170,129,128,0,1,0,2,0,4,0,8,5,84,109,97,108,108,3,99,111,109,0,0,1,0,1,192,12,0,1,0,1,0,0,1,44,0,4,140,205,130,99,192,12,0,1,0,1,0,0,1,44,0,4,140,205,94,193,5,116,109,97,108,108,192,18,0,2,0,1,0,0,78,117,0,13,3,110,115,52,6,116,97,111,98,97,111,192,18,192,59,0,2,0,1,0,0,78,117,0,6,3,110,115,55,192,81,192,59,0,2,0,1,0,0,78,117,0,6,3,110,115,53,192,81,192,59,0,2,0,1,0,0,78,117,0,6,3,110,115,54,192,81,192,77,0,1,0,1,0,0,37,24,0,4,198,11,138,245,192,77,0,1,0,1,0,0,37,24,0,4,198,11,138,249,192,120,0,1,0,1,0,0,37,24,0,4,140,205,122,34,192,120,0,1,0,1,0,0,37,24,0,4,140,205,122,33,192,138,0,1,0,1,0,0,37,24,0,4,140,205,122,36,192,138,0,1,0,1,0,0,37,24,0,4,140,205,122,35,192,102,0,1,0,1,0,0,37,24,0,4,106,11,35,25,192,102,0,1,0,1,0,0,37,24,0,4,106,11,35,26
241,141,1,0,0,1,0,0,0,0,0,0,5,66,97,105,100,117,3,99,111,109,0,0,1,0,1
10,121,1,0,0,1,0,0,0,0,0,0,5,66,97,105,100,117,3,99,111,109,0,0,28,0,1
10,121,129,128,0,1,0,0,0,1,0,0,5,66,97,105,100,117,3,99,111,109,0,0,28,0,1,5,98,97,105,100,117,192,18,0,6,0,1,0,0,4,92,0,31,3,100,110,115,192,27,2,115,97,192,27,119,238,225,225,0,0,1,44,0,0,1,44,0,39,141,0,0,0,28,32
241,141,129,128,0,1,0,2,0,5,0,5,5,66,97,105,100,117,3,99,111,109,0,0,1,0,1,5,98,97,105,100,117,192,18,0,1,0,1,0,0,0,30,0,4,220,181,38,148,192,27,0,1,0,1,0,0,0,30,0,4,39,156,69,79,192,27,0,2,0,1,0,1,80,184,0,6,3,110,115,52,192,27,192,27,0,2,0,1,0,1,80,184,0,6,3,110,115,55,192,27,192,27,0,2,0,1,0,1,80,184,0,6,3,110,115,50,192,27,192,27,0,2,0,1,0,1,80,184,0,6,3,100,110,115,192,27,192,27,0,2,0,1,0,1,80,184,0,6,3,110,115,51,192,27,192,77,0,1,0,1,0,0,95,194,0,4,14,215,178,80,192,149,0,1,0,1,0,0,249,233,0,4,112,80,248,64,192,113,0,1,0,1,0,0,80,10,0,4,220,181,33,31,192,131,0,1,0,1,0,0,1,124,0,4,110,242,68,134,192,95,0,1,0,1,0,0,77,208,0,4,180,76,76,92
221,182,1,0,0,1,0,0,0,0,0,0,2,81,113,3,99,111,109,0,0,1,0,1
62,236,1,0,0,1,0,0,0,0,0,0,2,81,113,3,99,111,109,0,0,28,0,1
221,182,129,128,0,1,0,3,0,4,0,13,2,81,113,3,99,111,109,0,0,1,0,1,2,113,113,192,15,0,1,0,1,0,0,0,79,0,4,121,51,142,21,192,24,0,1,0,1,0,0,0,79,0,4,182,254,50,164,192,24,0,1,0,1,0,0,0,79,0,4,121,51,36,46,192,24,0,2,0,1,0,0,80,104,0,6,3,110,115,51,192,24,192,24,0,2,0,1,0,0,80,104,0,6,3,110,115,49,192,24,192,24,0,2,0,1,0,0,80,104,0,6,3,110,115,52,192,24,192,24,0,2,0,1,0,0,80,104,0,6,3,110,115,50,192,24,192,123,0,1,0,1,0,2,148,241,0,4,58,144,154,100,192,123,0,1,0,1,0,2,148,241,0,4,59,36,132,142,192,123,0,1,0,1,0,2,148,241,0,4,125,39,46,125,192,123,0,1,0,1,0,2,148,241,0,4,203,205,221,79,192,105,0,1,0,1,0,2,148,241,0,4,101,89,19,165,192,105,0,1,0,1,0,2,148,241,0,4,157,255,246,101,192,105,0,1,0,1,0,2,148,241,0,4,183,3,226,207,192,141,0,1,0,1,0,2,148,73,0,4,121,51,160,100,192,141,0,1,0,1,0,2,148,73,0,4,123,151,66,78,192,87,0,1,0,1,0,2,151,151,0,4,183,192,201,116,192,87,0,1,0,1,0,2,151,151,0,4,112,60,1,69,192,105,0,28,0,1,0,0,83,52,0,16,36,2,78,0,128,48,0,0,0,0,0,0,0,0,1,21,192,141,0,28,0,1,0,0,83,52,0,16,36,2,78,0,128,16,0,1,0,0,0,0,0,0,1,28
62,236,129,128,0,1,0,0,0,1,0,0,2,81,113,3,99,111,109,0,0,28,0,1,2,113,113,192,15,0,6,0,1,0,0,1,87,0,38,3,110,115,49,192,24,9,119,101,98,109,97,115,116,101,114,192,24,79,84,35,95,0,0,14,16,0,0,1,44,0,1,81,128,0,0,1,44
24,70,1,0,0,1,0,0,0,0,0,0,4,83,111,104,117,3,99,111,109,0,0,1,0,1
1,13,1,0,0,1,0,0,0,0,0,0,4,83,111,104,117,3,99,111,109,0,0,28,0,1
24,70,129,128,0,1,0,1,0,6,0,6,4,83,111,104,117,3,99,111,109,0,0,1,0,1,4,115,111,104,117,192,17,0,1,0,1,0,0,1,71,0,4,211,159,191,77,192,26,0,2,0,1,0,0,86,89,0,7,4,110,115,49,53,192,26,192,26,0,2,0,1,0,0,86,89,0,7,4,110,115,49,54,192,26,192,26,0,2,0,1,0,0,86,89,0,7,4,110,115,49,49,192,26,192,26,0,2,0,1,0,0,86,89,0,7,4,110,115,49,51,192,26,192,26,0,2,0,1,0,0,86,89,0,7,4,110,115,49,50,192,26,192,26,0,2,0,1,0,0,86,89,0,7,4,110,115,49,52,192,26,192,154,0,1,0,1,0,0,78,101,0,4,211,159,191,12,192,59,0,1,0,1,0,0,78,101,0,4,125,254,154,167,192,135,0,1,0,1,0,0,181,2,0,4,110,43,83,56,192,78,0,1,0,1,0,0,78,101,0,4,14,18,240,48,192,116,0,1,0,1,0,0,78,101,0,4,14,18,240,23,192,97,0,1,0,1,0,0,78,101,0,4,111,202,126,2
1,13,129,128,0,1,0,0,0,1,0,0,4,83,111,104,117,3,99,111,109,0,0,28,0,1,4,115,111,104,117,192,17,0,6,0,1,0,0,0,60,0,47,4,110,115,49,49,192,26,8,100,110,115,97,100,109,105,110,8,115,111,104,117,45,105,110,99,192,17,10,43,147,162,0,0,112,128,0,0,28,32,0,18,117,0,0,0,0,60
117,135,1,0,0,1,0,0,0,0,0,0,6,84,97,111,98,97,111,3,99,111,109,0,0,1,0,1
252,106,1,0,0,1,0,0,0,0,0,0,6,84,97,111,98,97,111,3,99,111,109,0,0,28,0,1
252,106,129,128,0,1,0,0,0,1,0,0,6,84,97,111,98,97,111,3,99,111,109,0,0,28,0,1,6,116,97,111,98,97,111,192,19,0,6,0,1,0,0,0,56,0,50,3,110,115,52,192,28,10,104,111,115,116,109,97,115,116,101,114,10,97,108,105,98,97,98,97,100,110,115,192,19,120,72,103,229,0,0,14,16,0,0,4,176,0,0,14,16,0,0,1,104
117,135,129,128,0,1,0,2,0,4,0,8,6,84,97,111,98,97,111,3,99,111,109,0,0,1,0,1,6,116,97,111,98,97,111,192,19,0,1,0,1,0,0,0,190,0,4,140,205,94,189,192,28,0,1,0,1,0,0,0,190,0,4,140,205,220,96,192,28,0,2,0,1,0,0,77,170,0,6,3,110,115,54,192,28,192,28,0,2,0,1,0,0,77,170,0,6,3,110,115,52,192,28,192,28,0,2,0,1,0,0,77,170,0,6,3,110,115,55,192,28,192,28,0,2,0,1,0,0,77,170,0,6,3,110,115,53,192,28,192,97,0,1,0,1,0,0,37,24,0,4,198,11,138,245,192,97,0,1,0,1,0,0,37,24,0,4,198,11,138,249,192,133,0,1,0,1,0,0,37,24,0,4,140,205,122,34,192,133,0,1,0,1,0,0,37,24,0,4,140,205,122,33,192,79,0,1,0,1,0,0,37,24,0,4,140,205,122,36,192,79,0,1,0,1,0,0,37,24,0,4,140,205,122,35,192,115,0,1,0,1,0,0,37,24,0,4,106,11,35,25,192,115,0,1,0,1,0,0,37,24,0,4,106,11,35,26
211,239,1,0,0,1,0,0,0,0,0,0,3,51,54,48,2,99,110,0,0,1,0,1
245,65,1,0,0,1,0,0,0,0,0,0,3,51,54,48,2,99,110,0,0,28,0,1
245,65,129,128,0,1,0,0,0,1,0,0,3,51,54,48,2,99,110,0,0,28,0,1,192,12,0,6,0,1,0,0,2,88,0,52,4,100,110,115,49,7,51,54,48,115,97,102,101,3,99,111,109,0,11,100,111,109,97,105,110,97,100,109,105,110,192,41,96,8,245,17,0,0,14,16,0,0,0,180,0,18,117,0,0,0,0,180
211,239,129,128,0,1,0,1,0,6,0,6,3,51,54,48,2,99,110,0,0,1,0,1,192,12,0,1,0,1,0,0,1,44,0,4,58,205,218,55,192,12,0,2,0,1,0,0,10,122,0,18,4,100,110,115,55,7,51,54,48,115,97,102,101,3,99,111,109,0,192,12,0,2,0,1,0,0,10,122,0,7,4,100,110,115,56,192,57,192,12,0,2,0,1,0,0,10,122,0,7,4,100,110,115,50,192,57,192,12,0,2,0,1,0,0,10,122,0,7,4,100,110,115,51,192,57,192,12,0,2,0,1,0,0,10,122,0,7,4,100,110,115,49,192,57,192,12,0,2,0,1,0,0,10,122,0,7,4,100,110,115,57,192,57,192,82,0,1,0,1,0,2,159,250,0,4,42,236,105,6,192,158,0,1,0,1,0,2,159,250,0,4,104,192,109,6,192,101,0,1,0,1,0,2,159,250,0,4,36,110,213,6,192,139,0,1,0,1,0,2,159,250,0,4,111,206,53,6,192,120,0,1,0,1,0,2,159,250,0,4,180,153,228,6,192,52,0,1,0,1,0,2,159,250,0,4,180,97,61,6
27,126,1,0,0,1,0,0,0,0,0,0,2,74,100,3,99,111,109,0,0,1,0,1
245,185,1,0,0,1,0,0,0,0,0,0,2,74,100,3,99,111,109,0,0,28,0,1
27,126,129,128,0,1,0,4,0,8,0,8,2,74,100,3,99,111,109,0,0,1,0,1,2,106,100,192,15,0,1,0,1,0,0,0,56,0,4,211,144,24,218,192,24,0,1,0,1,0,0,0,56,0,4,211,144,27,126,192,24,0,1,0,1,0,0,0,56,0,4,118,193,98,63,192,24,0,1,0,1,0,0,0,56,0,4,111,13,149,108,192,24,0,2,0,1,0,1,74,234,0,6,3,110,115,52,192,24,192,24,0,2,0,1,0,1,74,234,0,14,3,110,115,49,7,106,100,99,97,99,104,101,192,15,192,24,0,2,0,1,0,1,74,234,0,6,3,110,115,51,192,125,192,24,0,2,0,1,0,1,74,234,0,6,3,110,115,51,192,24,192,24,0,2,0,1,0,1,74,234,0,6,3,110,115,49,192,24,192,24,0,2,0,1,0,1,74,234,0,6,3,110,115,50,192,24,192,24,0,2,0,1,0,1,74,234,0,6,3,110,115,50,192,125,192,24,0,2,0,1,0,1,74,234,0,6,3,110,115,52,192,125,192,183,0,1,0,1,0,2,69,168,0,4,111,13,28,10,192,237,0,1,0,1,0,0,77,218,0,4,106,39,177,32,192,219,0,1,0,1,0,0,77,218,0,4,111,206,226,10,192,103,0,1,0,1,0,2,69,168,0,4,106,39,177,32,192,147,0,1,0,1,0,0,77,218,0,4,120,52,149,254,192,121,0,1,0,1,0,0,77,218,0,4,111,13,28,10,192,201,0,1,0,1,0,2,69,168,0,4,111,206,226,10,192,165,0,1,0,1,0,2,69,168,0,4,120,52,149,254
245,185,129,128,0,1,0,0,0,1,0,0,2,74,100,3,99,111,109,0,0,28,0,1,2,106,100,192,15,0,6,0,1,0,0,0,56,0,43,3,110,115,49,7,106,100,99,97,99,104,101,192,15,6,97,112,111,108,108,111,192,24,120,29,10,40,0,0,42,48,0,0,14,16,0,9,58,128,0,0,150,0
184,249,1,0,0,1,0,0,0,0,0,0,5,87,101,105,98,111,3,99,111,109,0,0,1,0,1
109,71,1,0,0,1,0,0,0,0,0,0,5,87,101,105,98,111,3,99,111,109,0,0,28,0,1
109,71,129,128,0,1,0,0,0,1,0,0,5,87,101,105,98,111,3,99,111,109,0,0,28,0,1,5,119,101,105,98,111,192,18,0,6,0,1,0,0,0,32,0,52,3,110,115,49,4,115,105,110,97,3,99,111,109,2,99,110,0,6,122,104,105,104,97,111,5,115,116,97,102,102,192,49,0,0,0,1,0,0,112,128,0,0,28,32,0,9,58,128,0,0,2,88
184,249,129,128,0,1,0,1,0,6,0,6,5,87,101,105,98,111,3,99,111,109,0,0,1,0,1,5,119,101,105,98,111,192,18,0,1,0,1,0,0,0,53,0,4,58,205,212,119,192,27,0,2,0,1,0,0,77,202,0,11,3,110,115,51,4,115,105,110,97,192,18,192,27,0,2,0,1,0,0,77,202,0,17,3,110,115,51,4,115,105,110,97,3,99,111,109,2,99,110,0,192,27,0,2,0,1,0,0,77,202,0,6,3,110,115,49,192,88,192,27,0,2,0,1,0,0,77,202,0,6,3,110,115,52,192,88,192,27,0,2,0,1,0,0,77,202,0,6,3,110,115,52,192,65,192,27,0,2,0,1,0,0,77,202,0,6,3,110,115,50,192,88,192,61,0,1,0,1,0,0,77,182,0,4,180,149,138,199,192,167,0,1,0,1,0,0,77,181,0,4,180,149,138,199,192,131,0,1,0,1,0,0,77,181,0,4,121,14,1,22,192,113,0,1,0,1,0,0,77,181,0,4,36,51,252,8,192,84,0,1,0,1,0,0,77,181,0,4,123,125,29,99,192,149,0,1,0,1,0,0,77,182,0,4,123,125,29,99
112,91,1,0,0,1,0,0,0,0,0,0,4,83,105,110,97,3,99,111,109,2,99,110,0,0,1,0,1
112,124,1,0,0,1,0,0,0,0,0,0,4,83,105,110,97,3,99,111,109,2,99,110,0,0,28,0,1
112,91,129,128,0,1,0,4,0,4,0,4,4,83,105,110,97,3,99,111,109,2,99,110,0,0,1,0,1,192,12,0,1,0,1,0,0,0,60,0,4,123,126,45,205,192,12,0,1,0,1,0,0,0,60,0,4,123,125,104,150,192,12,0,1,0,1,0,0,0,60,0,4,49,7,37,133,192,12,0,1,0,1,0,0,0,60,0,4,123,126,55,41,4,115,105,110,97,192,17,0,2,0,1,0,0,77,181,0,6,3,110,115,49,192,93,192,93,0,2,0,1,0,0,77,181,0,6,3,110,115,52,192,93,192,93,0,2,0,1,0,0,77,181,0,6,3,110,115,50,192,93,192,93,0,2,0,1,0,0,77,181,0,6,3,110,115,51,192,93,192,128,0,1,0,1,0,0,77,181,0,4,121,14,1,22,192,146,0,1,0,1,0,0,77,181,0,4,180,149,138,199,192,164,0,1,0,1,0,0,77,181,0,4,123,125,29,99,192,110,0,1,0,1,0,0,77,181,0,4,36,51,252,8
112,124,129,128,0,1,0,0,0,1,0,0,4,83,105,110,97,3,99,111,109,2,99,110,0,0,28,0,1,192,12,0,6,0,1,0,0,2,88,0,41,3,110,115,49,192,12,6,122,104,105,104,97,111,5,115,116,97,102,102,192,12,0,0,0,5,0,0,7,8,0,0,2,88,0,9,58,129,0,0,2,88
21,231,1,0,0,1,0,0,0,0,0,0,9,88,105,110,104,117,97,110,101,116,3,99,111,109,0,0,28,0,1
21,231,129,128,0,1,0,0,0,1,0,0,9,88,105,110,104,117,97,110,101,116,3,99,111,109,0,0,28,0,1,192,12,0,6,0,1,0,0,3,32,0,46,3,110,115,49,4,99,100,110,115,2,99,110,0,4,109,97,105,108,5,99,110,110,105,99,192,52,0,0,3,112,0,0,14,16,0,0,2,88,0,36,234,0,0,0,3,32
8,81,1,0,0,1,0,0,0,0,0,0,6,65,108,105,112,97,121,3,99,111,109,0,0,1,0,1
163,166,1,0,0,1,0,0,0,0,0,0,6,65,108,105,112,97,121,3,99,111,109,0,0,28,0,1
8,81,129,128,0,1,0,2,0,4,0,7,6,65,108,105,112,97,121,3,99,111,109,0,0,1,0,1,6,97,108,105,112,97,121,192,19,0,1,0,1,0,0,2,88,0,4,110,75,139,5,192,28,0,1,0,1,0,0,2,88,0,4,110,75,129,5,192,28,0,2,0,1,0,0,77,212,0,6,3,110,115,52,192,28,192,28,0,2,0,1,0,0,77,212,0,6,3,110,115,49,192,28,192,28,0,2,0,1,0,0,77,212,0,6,3,110,115,51,192,28,192,28,0,2,0,1,0,0,77,212,0,6,3,110,115,50,192,28,192,79,0,1,0,1,0,0,77,212,0,4,110,75,232,61,192,79,0,1,0,1,0,0,77,212,0,4,45,113,40,93,192,115,0,1,0,1,0,0,77,212,0,4,110,76,21,88,192,133,0,1,0,1,0,0,77,212,0,4,110,76,21,66,192,97,0,1,0,1,0,0,77,212,0,4,47,113,165,254,192,97,0,1,0,1,0,0,77,212,0,4,45,113,40,61,192,97,0,1,0,1,0,0,77,212,0,4,47,113,165,222
163,166,129,128,0,1,0,0,0,1,0,0,6,65,108,105,112,97,121,3,99,111,109,0,0,28,0,1,6,97,108,105,112,97,121,192,19,0,6,0,1,0,0,0,60,0,31,3,110,115,49,192,28,2,104,109,192,28,125,61,240,2,0,0,14,16,0,0,4,176,18,204,3,0,0,0,1,104
166,67,1,0,0,1,0,0,0,0,0,0,5,80,97,110,100,97,2,116,118,0,0,1,0,1
253,55,1,0,0,1,0,0,0,0,0,0,5,80,97,110,100,97,2,116,118,0,0,28,0,1
166,67,129,128,0,1,0,5,0,8,0,9,5,80,97,110,100,97,2,116,118,0,0,1,0,1,192,12,0,5,0,1,0,0,1,44,0,19,7,105,109,111,99,104,101,110,6,103,105,116,104,117,98,2,105,111,0,192,38,0,1,0,1,0,0,9,162,0,4,185,199,108,153,192,38,0,1,0,1,0,0,9,162,0,4,185,199,110,153,192,38,0,1,0,1,0,0,9,162,0,4,185,199,109,153,192,38,0,1,0,1,0,0,9,162,0,4,185,199,111,153,192,46,0,2,0,1,0,0,1,196,0,25,7,110,115,45,49,54,50,50,9,97,119,115,100,110,115,45,49,48,2,99,111,2,117,107,0,192,46,0,2,0,1,0,0,1,196,0,22,6,110,115,45,51,57,51,9,97,119,115,100,110,115,45,52,57,3,99,111,109,0,192,46,0,2,0,1,0,0,1,196,0,20,4,100,110,115,49,3,112,48,53,5,110,115,111,110,101,3,110,101,116,0,192,46,0,2,0,1,0,0,1,196,0,7,4,100,110,115,50,192,209,192,46,0,2,0,1,0,0,1,196,0,7,4,100,110,115,51,192,209,192,46,0,2,0,1,0,0,1,196,0,19,6,110,115,45,54,57,50,9,97,119,115,100,110,115,45,50,50,192,219,192,46,0,2,0,1,0,0,1,196,0,23,7,110,115,45,49,51,51,57,9,97,119,115,100,110,115,45,51,57,3,111,114,103,0,192,46,0,2,0,1,0,0,1,196,0,7,4,100,110,115,52,192,209,192,204,0,1,0,1,0,0,78,70,0,4,198,51,44,5,192,236,0,1,0,1,0,0,78,27,0,4,198,51,45,5,192,255,0,1,0,1,0,0,78,27,0,4,198,51,44,69,193,84,0,1,0,1,0,0,78,27,0,4,198,51,45,69,193,49,0,1,0,1,0,0,82,241,0,4,205,251,197,59,192,133,0,1,0,1,0,0,78,169,0,4,205,251,198,86,192,170,0,1,0,1,0,0,81,152,0,4,205,251,193,137,193,18,0,1,0,1,0,0,79,131,0,4,205,251,194,180,192,204,0,28,0,1,0,0,78,70,0,16,38,32,0,77,64,0,98,89,0,7,0,5,0,0,0,1
253,55,129,128,0,1,0,1,0,1,0,0,5,80,97,110,100,97,2,116,118,0,0,28,0,1,192,12,0,5,0,1,0,0,1,44,0,19,7,105,109,111,99,104,101,110,6,103,105,116,104,117,98,2,105,111,0,192,46,0,6,0,1,0,0,3,132,0,75,7,110,115,45,49,54,50,50,9,97,119,115,100,110,115,45,49,48,2,99,111,2,117,107,0,17,97,119,115,100,110,115,45,104,111,115,116,109,97,115,116,101,114,6,97,109,97,122,111,110,3,99,111,109,0,0,0,0,1,0,0,28,32,0,0,3,132,0,18,117,0,0,1,81,128
198,244,1,0,0,1,0,0,0,0,0,0,6,90,104,97,110,113,105,2,116,118,0,0,1,0,1
97,87,1,0,0,1,0,0,0,0,0,0,6,90,104,97,110,113,105,2,116,118,0,0,28,0,1
97,87,129,128,0,1,0,0,0,1,0,0,6,90,104,97,110,113,105,2,116,118,0,0,28,0,1,6,122,104,97,110,113,105,192,19,0,6,0,1,0,0,2,88,0,58,4,118,105,112,51,6,97,108,105,100,110,115,3,99,111,109,0,10,104,111,115,116,109,97,115,116,101,114,7,104,105,99,104,105,110,97,192,58,120,103,142,31,0,0,14,16,0,0,4,176,0,1,81,128,0,0,1,104
198,244,129,128,0,1,0,1,0,2,0,18,6,90,104,97,110,113,105,2,116,118,0,0,1,0,1,192,12,0,1,0,1,0,0,2,88,0,4,112,124,44,92,6,122,104,97,110,113,105,192,19,0,2,0,1,0,1,107,3,0,17,4,118,105,112,51,6,97,108,105,100,110,115,3,99,111,109,0,192,43,0,2,0,1,0,1,107,3,0,7,4,118,105,112,52,192,67,192,62,0,1,0,1,0,0,5,94,0,4,203,119,159,121,192,62,0,1,0,1,0,0,5,94,0,4,106,11,30,115,192,62,0,1,0,1,0,0,5,94,0,4,106,11,41,153,192,62,0,1,0,1,0,0,5,94,0,4,140,205,1,5,192,62,0,1,0,1,0,0,5,94,0,4,140,205,29,115,192,91,0,1,0,1,0,2,42,114,0,4,140,205,1,6,192,91,0,1,0,1,0,2,42,114,0,4,140,205,29,116,192,91,0,1,0,1,0,2,42,114,0,4,170,33,23,14,192,91,0,1,0,1,0,2,42,114,0,4,170,33,24,74,192,91,0,1,0,1,0,2,42,114,0,4,170,33,80,11,192,91,0,1,0,1,0,2,42,114,0,4,203,119,159,122,192,91,0,1,0,1,0,2,42,114,0,4,14,1,112,22,192,91,0,1,0,1,0,2,42,114,0,4,106,11,30,116,192,91,0,1,0,1,0,2,42,114,0,4,106,11,41,154,192,62,0,28,0,1,0,0,4,170,0,16,36,0,50,0,16,0,0,1,0,0,0,0,0,0,0,1,192,62,0,28,0,1,0,0,4,170,0,16,36,8,64,9,5,0,0,0,0,0,0,0,0,0,0,3,192,91,0,28,0,1,0,2,42,114,0,16,36,0,50,0,16,0,0,1,0,0,0,0,0,0,0,2,192,91,0,28,0,1,0,2,42,114,0,16,36,8,64,9,5,0,0,0,0,0,0,0,0,0,0,4
3,220,1,0,0,1,0,0,0,0,0,0,4,67,115,100,110,3,110,101,116,0,0,1,0,1
61,77,1,0,0,1,0,0,0,0,0,0,4,67,115,100,110,3,110,101,116,0,0,28,0,1
3,220,129,128,0,1,0,1,0,2,0,18,4,67,115,100,110,3,110,101,116,0,0,1,0,1,192,12,0,1,0,1,0,0,0,200,0,4,47,95,164,112,4,99,115,100,110,192,17,0,2,0,1,0,0,77,232,0,17,4,118,105,112,51,6,97,108,105,100,110,115,3,99,111,109,0,192,42,0,2,0,1,0,0,77,232,0,7,4,118,105,112,52,192,64,192,59,0,1,0,1,0,0,5,94,0,4,106,11,41,153,192,59,0,1,0,1,0,0,5,94,0,4,140,205,1,5,192,59,0,1,0,1,0,0,5,94,0,4,140,205,29,115,192,59,0,1,0,1,0,0,5,94,0,4,203,119,159,121,192,59,0,1,0,1,0,0,5,94,0,4,106,11,30,115,192,88,0,1,0,1,0,2,42,114,0,4,170,33,23,14,192,88,0,1,0,1,0,2,42,114,0,4,170,33,24,74,192,88,0,1,0,1,0,2,42,114,0,4,170,33,80,11,192,88,0,1,0,1,0,2,42,114,0,4,203,119,159,122,192,88,0,1,0,1,0,2,42,114,0,4,14,1,112,22,192,88,0,1,0,1,0,2,42,114,0,4,106,11,30,116,192,88,0,1,0,1,0,2,42,114,0,4,106,11,41,154,192,88,0,1,0,1,0,2,42,114,0,4,140,205,1,6,192,88,0,1,0,1,0,2,42,114,0,4,140,205,29,116,192,59,0,28,0,1,0,0,4,170,0,16,36,0,50,0,16,0,0,1,0,0,0,0,0,0,0,1,192,59,0,28,0,1,0,0,4,170,0,16,36,8,64,9,5,0,0,0,0,0,0,0,0,0,0,3,192,88,0,28,0,1,0,2,42,114,0,16,36,0,50,0,16,0,0,1,0,0,0,0,0,0,0,2,192,88,0,28,0,1,0,2,42,114,0,16,36,8,64,9,5,0,0,0,0,0,0,0,0,0,0,4
61,77,129,128,0,1,0,0,0,1,0,0,4,67,115,100,110,3,110,101,116,0,0,28,0,1,4,99,115,100,110,192,17,0,6,0,1,0,0,2,88,0,58,4,118,105,112,51,6,97,108,105,100,110,115,3,99,111,109,0,10,104,111,115,116,109,97,115,116,101,114,7,104,105,99,104,105,110,97,192,55,120,72,148,210,0,0,14,16,0,0,4,176,0,1,81,128,0,0,1,104
227,250,1,0,0,1,0,0,0,0,0,0,6,84,105,97,110,121,97,2,99,110,0,0,28,0,1
227,250,129,128,0,1,0,0,0,1,0,0,6,84,105,97,110,121,97,2,99,110,0,0,28,0,1,192,12,0,6,0,1,0,0,23,179,0,29,192,12,4,114,111,111,116,192,12,119,253,13,192,0,0,1,44,0,0,1,44,0,39,141,0,0,1,81,128
39,122,1,0,0,1,0,0,0,0,0,0,7,72,117,97,110,113,105,117,3,99,111,109,0,0,1,0,1
98,117,1,0,0,1,0,0,0,0,0,0,7,72,117,97,110,113,105,117,3,99,111,109,0,0,28,0,1
39,122,129,128,0,1,0,1,0,2,0,17,7,72,117,97,110,113,105,117,3,99,111,109,0,0,1,0,1,192,12,0,1,0,1,0,0,2,88,0,4,192,144,195,11,7,104,117,97,110,113,105,117,192,20,0,2,0,1,0,1,46,54,0,12,3,110,115,52,5,100,110,115,118,52,192,20,192,45,0,2,0,1,0,1,46,54,0,6,3,110,115,51,192,69,192,89,0,1,0,1,0,0,97,203,0,4,61,129,8,140,192,89,0,1,0,1,0,0,97,203,0,4,61,151,180,49,192,89,0,1,0,1,0,0,97,203,0,4,129,211,176,242,192,89,0,1,0,1,0,0,97,203,0,4,162,14,18,121,192,89,0,1,0,1,0,0,97,203,0,4,162,14,24,250,192,89,0,1,0,1,0,0,97,203,0,4,162,14,25,247,192,89,0,1,0,1,0,0,97,203,0,4,52,74,43,18,192,89,0,1,0,1,0,0,97,203,0,4,59,36,120,145,192,65,0,1,0,1,0,0,97,203,0,4,111,30,142,18,192,65,0,1,0,1,0,0,97,203,0,4,125,39,45,245,192,65,0,1,0,1,0,0,97,203,0,4,162,14,18,188,192,65,0,1,0,1,0,0,97,203,0,4,162,14,24,247,192,65,0,1,0,1,0,0,97,203,0,4,162,14,25,250,192,65,0,1,0,1,0,0,97,203,0,4,223,166,151,14,192,65,0,1,0,1,0,0,97,203,0,4,223,166,151,15,192,65,0,1,0,1,0,0,97,203,0,4,52,74,43,18,192,65,0,1,0,1,0,0,97,203,0,4,61,151,180,50
98,117,129,128,0,1,0,5,0,2,0,18,7,72,117,97,110,113,105,117,3,99,111,109,0,0,28,0,1,192,12,0,5,0,1,0,0,0,10,0,27,3,119,119,119,7,104,117,97,110,113,105,117,3,99,111,109,2,102,49,5,122,108,105,98,115,192,20,192,41,0,5,0,1,0,0,0,156,0,2,192,57,192,57,0,5,0,1,0,0,0,82,0,9,6,113,99,108,111,117,100,192,57,192,94,0,5,0,1,0,0,0,82,0,15,12,113,99,108,111,117,100,45,99,110,45,98,106,192,57,192,115,0,28,0,1,0,0,0,156,0,16,36,2,78,0,20,2,95,0,0,0,145,236,146,41,193,141,192,60,0,2,0,1,0,0,102,174,0,12,3,110,115,52,5,100,110,115,118,53,192,20,192,60,0,2,0,1,0,0,102,174,0,6,3,110,115,51,192,174,192,194,0,1,0,1,0,0,125,39,0,4,162,14,24,251,192,194,0,1,0,1,0,0,125,39,0,4,162,14,25,251,192,194,0,1,0,1,0,0,125,39,0,4,183,192,201,94,192,194,0,1,0,1,0,0,125,39,0,4,223,166,151,16,192,194,0,1,0,1,0,0,125,39,0,4,59,36,120,148,192,194,0,1,0,1,0,0,125,39,0,4,61,151,180,51,192,194,0,1,0,1,0,0,125,39,0,4,129,211,176,212,192,194,0,1,0,1,0,0,125,39,0,4,162,14,18,188,192,170,0,1,0,1,0,2,132,50,0,4,129,211,176,151,192,170,0,1,0,1,0,2,132,50,0,4,162,14,18,121,192,170,0,1,0,1,0,2,132,50,0,4,162,14,24,248,192,170,0,1,0,1,0,2,132,50,0,4,162,14,25,248,192,170,0,1,0,1,0,2,132,50,0,4,183,192,164,119,192,170,0,1,0,1,0,2,132,50,0,4,223,166,151,126,192,170,0,1,0,1,0,2,132,50,0,4,52,198,159,146,192,170,0,1,0,1,0,2,132,50,0,4,59,36,120,147,192,170,0,1,0,1,0,2,132,50,0,4,61,151,180,52,192,170,0,1,0,1,0,2,132,50,0,4,101,226,220,12
208,86,1,0,0,1,0,0,0,0,0,0,2,89,121,3,99,111,109,0,0,1,0,1
24,242,1,0,0,1,0,0,0,0,0,0,2,89,121,3,99,111,109,0,0,28,0,1
208,86,129,128,0,1,0,7,0,3,0,12,2,89,121,3,99,111,109,0,0,1,0,1,2,121,121,192,15,0,1,0,1,0,0,0,60,0,4,221,228,79,225,192,24,0,1,0,1,0,0,0,60,0,4,163,177,156,228,192,24,0,1,0,1,0,0,0,60,0,4,120,195,158,46,192,24,0,1,0,1,0,0,0,60,0,4,183,240,168,210,192,24,0,1,0,1,0,0,0,60,0,4,103,227,121,100,192,24,0,1,0,1,0,0,0,60,0,4,14,17,109,66,192,24,0,1,0,1,0,0,0,60,0,4,59,78,210,115,192,24,0,2,0,1,0,0,0,120,0,15,3,110,115,50,8,100,117,111,119,97,110,110,115,192,15,192,24,0,2,0,1,0,0,0,120,0,6,3,110,115,49,192,155,192,24,0,2,0,1,0,0,0,120,0,6,3,110,115,51,192,155,192,196,0,1,0,1,0,2,157,54,0,4,163,177,156,225,192,196,0,1,0,1,0,2,157,54,0,4,172,96,125,3,192,196,0,1,0,1,0,2,157,54,0,4,218,98,58,194,192,196,0,1,0,1,0,2,157,54,0,4,8,135,92,106,192,196,0,1,0,1,0,2,157,54,0,4,14,17,109,85,192,196,0,1,0,1,0,2,157,54,0,4,47,254,51,88,192,196,0,1,0,1,0,2,157,54,0,4,58,52,135,165,192,196,0,1,0,1,0,2,157,54,0,4,81,69,128,180,192,196,0,1,0,1,0,2,157,54,0,4,111,13,164,45,192,196,0,1,0,1,0,2,157,54,0,4,117,91,188,196,192,196,0,1,0,1,0,2,157,54,0,4,123,125,184,148,192,196,0,1,0,1,0,2,157,54,0,4,161,117,97,232
24,242,129,128,0,1,0,0,0,1,0,0,2,89,121,3,99,111,109,0,0,28,0,1,2,121,121,192,15,0,6,0,1,0,0,0,120,0,41,3,110,115,49,8,100,117,111,119,97,110,110,115,192,15,3,100,110,115,192,24,119,245,203,61,0,0,3,132,0,0,0,180,0,18,117,0,0,0,0,180
121,138,1,0,0,1,0,0,0,0,0,0,4,49,55,111,107,3,99,111,109,0,0,1,0,1
33,32,1,0,0,1,0,0,0,0,0,0,4,49,55,111,107,3,99,111,109,0,0,28,0,1
33,32,129,128,0,1,0,0,0,1,0,0,4,49,55,111,107,3,99,111,109,0,0,28,0,1,192,12,0,6,0,1,0,0,23,180,0,52,3,110,115,49,7,99,110,111,108,110,105,99,192,17,4,114,111,111,116,7,99,110,111,108,110,105,99,3,110,101,116,0,119,146,216,145,0,0,42,48,0,0,14,16,0,9,58,128,0,1,81,128
121,138,129,128,0,1,0,1,0,2,0,6,4,49,55,111,107,3,99,111,109,0,0,1,0,1,192,12,0,1,0,1,0,0,2,88,0,4,120,133,17,148,192,12,0,2,0,1,0,0,23,180,0,14,3,110,115,50,7,99,110,111,108,110,105,99,192,17,192,12,0,2,0,1,0,0,23,180,0,6,3,110,115,49,192,58,192,80,0,1,0,1,0,1,16,19,0,4,218,5,79,117,192,80,0,1,0,1,0,1,16,19,0,4,218,5,74,244,192,54,0,1,0,1,0,1,16,19,0,4,218,5,79,98,192,54,0,1,0,1,0,1,16,19,0,4,120,133,55,182,192,80,0,28,0,1,0,1,16,19,0,16,36,12,64,130,0,0,93,1,0,0,0,0,0,0,0,4,192,54,0,28,0,1,0,1,16,19,0,16,36,12,64,130,0,0,93,1,0,0,0,0,0,0,0,5
85,29,1,0,0,1,0,0,0,0,0,0,2,83,111,3,99,111,109,0,0,1,0,1
224,76,1,0,0,1,0,0,0,0,0,0,2,83,111,3,99,111,109,0,0,28,0,1
85,29,129,128,0,1,0,2,0,3,0,3,2,83,111,3,99,111,109,0,0,1,0,1,192,12,0,5,0,1,0,0,1,44,0,12,2,115,111,6,113,115,115,45,108,98,192,15,192,36,0,1,0,1,0,0,0,38,0,4,58,205,218,50,192,39,0,2,0,1,0,0,77,177,0,6,3,110,115,50,192,39,192,39,0,2,0,1,0,0,77,177,0,6,3,110,115,51,192,39,192,39,0,2,0,1,0,0,77,177,0,6,3,110,115,49,192,39,192,112,0,1,0,1,0,0,77,177,0,4,111,206,65,193,192,76,0,1,0,1,0,0,77,177,0,4,180,163,249,113,192,94,0,1,0,1,0,0,77,177,0,4,101,198,191,33
224,76,129,128,0,1,0,1,0,0,0,0,2,83,111,3,99,111,109,0,0,28,0,1,192,12,0,5,0,1,0,0,1,44,0,12,2,115,111,6,113,115,115,45,108,98,192,15
230,36,1,0,0,1,0,0,0,0,0,0,5,83,111,103,111,117,3,99,111,109,0,0,1,0,1
26,73,1,0,0,1,0,0,0,0,0,0,5,83,111,103,111,117,3,99,111,109,0,0,28,0,1
26,73,129,128,0,1,0,0,0,1,0,0,5,83,111,103,111,117,3,99,111,109,0,0,28,0,1,5,115,111,103,111,117,192,18,0,6,0,1,0,0,2,4,0,47,3,110,115,49,192,27,8,100,110,115,97,100,109,105,110,9,115,111,103,111,117,45,105,110,99,192,18,96,6,150,193,0,0,1,44,0,0,0,180,0,18,117,0,0,0,0,180
230,36,129,128,0,1,0,5,0,2,0,2,5,83,111,103,111,117,3,99,111,109,0,0,1,0,1,192,12,0,1,0,1,0,0,1,44,0,4,211,159,235,170,192,12,0,1,0,1,0,0,1,44,0,4,109,244,23,140,192,12,0,1,0,1,0,0,1,44,0,4,211,159,235,175,192,12,0,1,0,1,0,0,1,44,0,4,109,244,23,148,192,12,0,1,0,1,0,0,1,44,0,4,211,159,235,73,5,115,111,103,111,117,192,18,0,2,0,1,0,0,2,41,0,6,3,110,115,50,192,107,192,107,0,2,0,1,0,0,2,41,0,6,3,110,115,49,192,107,192,143,0,1,0,1,0,2,153,94,0,4,180,149,156,12,192,125,0,1,0,1,0,2,153,94,0,4,123,126,51,12
213,55,1,0,0,1,0,0,0,0,0,0,4,49,54,56,56,3,99,111,109,0,0,1,0,1
66,252,1,0,0,1,0,0,0,0,0,0,4,49,54,56,56,3,99,111,109,0,0,28,0,1
213,55,129,128,0,1,0,2,0,2,0,8,4,49,54,56,56,3,99,111,109,0,0,1,0,1,192,12,0,1,0,1,0,0,1,44,0,4,42,156,140,12,192,12,0,1,0,1,0,0,1,44,0,4,140,205,174,2,192,12,0,2,0,1,0,0,80,102,0,17,3,110,115,50,10,97,108,105,98,97,98,97,100,110,115,192,17,192,12,0,2,0,1,0,0,80,102,0,6,3,110,115,49,192,74,192,99,0,1,0,1,0,0,165,119,0,4,140,205,67,252,192,99,0,1,0,1,0,0,165,119,0,4,140,205,122,66,192,99,0,1,0,1,0,0,165,119,0,4,198,11,138,254,192,99,0,1,0,1,0,0,165,119,0,4,106,11,35,19,192,70,0,1,0,1,0,0,165,119,0,4,198,11,138,252,192,70,0,1,0,1,0,0,165,119,0,4,106,11,35,18,192,70,0,1,0,1,0,0,165,119,0,4,140,205,67,254,192,70,0,1,0,1,0,0,165,119,0,4,140,205,122,77
66,252,129,128,0,1,0,0,0,1,0,0,4,49,54,56,56,3,99,111,109,0,0,28,0,1,192,12,0,6,0,1,0,0,2,88,0,50,3,110,115,49,10,97,108,105,98,97,98,97,100,110,115,192,17,10,104,111,115,116,109,97,115,116,101,114,192,42,120,73,3,203,0,0,14,16,0,0,4,176,0,1,81,128,0,0,1,104
135,182,1,0,0,1,0,0,0,0,0,0,7,67,110,98,108,111,103,115,3,99,111,109,0,0,1,0,1
249,99,1,0,0,1,0,0,0,0,0,0,7,67,110,98,108,111,103,115,3,99,111,109,0,0,28,0,1
135,182,129,128,0,1,0,1,0,2,0,17,7,67,110,98,108,111,103,115,3,99,111,109,0,0,1,0,1,192,12,0,1,0,1,0,0,2,88,0,4,101,37,97,51,7,99,110,98,108,111,103,115,192,20,0,2,0,1,0,0,84,95,0,12,3,110,115,51,5,100,110,115,118,52,192,20,192,45,0,2,0,1,0,0,84,95,0,6,3,110,115,52,192,69,192,89,0,1,0,1,0,0,97,202,0,4,162,14,18,188,192,89,0,1,0,1,0,0,97,202,0,4,162,14,24,247,192,89,0,1,0,1,0,0,97,202,0,4,162,14,25,250,192,89,0,1,0,1,0,0,97,202,0,4,223,166,151,14,192,89,0,1,0,1,0,0,97,202,0,4,223,166,151,15,192,89,0,1,0,1,0,0,97,202,0,4,52,74,43,18,192,89,0,1,0,1,0,0,97,202,0,4,61,151,180,50,192,89,0,1,0,1,0,0,97,202,0,4,111,30,142,18,192,89,0,1,0,1,0,0,97,202,0,4,125,39,45,245,192,65,0,1,0,1,0,0,97,202,0,4,129,211,176,242,192,65,0,1,0,1,0,0,97,202,0,4,162,14,18,121,192,65,0,1,0,1,0,0,97,202,0,4,162,14,24,250,192,65,0,1,0,1,0,0,97,202,0,4,162,14,25,247,192,65,0,1,0,1,0,0,97,202,0,4,52,74,43,18,192,65,0,1,0,1,0,0,97,202,0,4,59,36,120,145,192,65,0,1,0,1,0,0,97,202,0,4,61,129,8,140,192,65,0,1,0,1,0,0,97,202,0,4,61,151,180,49
249,99,129,128,0,1,0,0,0,1,0,0,7,67,110,98,108,111,103,115,3,99,111,109,0,0,28,0,1,192,12,0,6,0,1,0,0,2,88,0,61,3,110,115,51,5,100,110,115,118,52,192,20,19,101,110,116,101,114,112,114,105,115,101,50,100,110,115,97,100,109,105,110,6,100,110,115,112,111,100,192,20,95,244,29,203,0,0,14,16,0,0,0,180,0,18,117,0,0,0,0,180
152,85,1,0,0,1,0,0,0,0,0,0,5,67,100,115,116,109,2,99,110,0,0,1,0,1
68,100,1,0,0,1,0,0,0,0,0,0,5,67,100,115,116,109,2,99,110,0,0,28,0,1
68,100,129,128,0,1,0,1,0,1,0,0,5,67,100,115,116,109,2,99,110,0,0,28,0,1,192,12,0,5,0,1,0,0,1,44,0,35,16,52,101,52,100,57,98,102,51,51,101,48,50,48,53,99,50,3,99,100,110,8,106,105,97,115,104,117,108,101,3,99,111,109,0,192,38,0,6,0,1,0,0,0,10,0,39,0,4,109,97,105,108,7,106,105,97,115,117,108,101,3,110,101,116,0,0,0,0,1,0,0,2,88,0,0,0,180,0,18,117,0,0,0,0,180
152,85,129,128,0,1,0,3,0,2,0,6,5,67,100,115,116,109,2,99,110,0,0,1,0,1,192,12,0,5,0,1,0,0,1,44,0,35,16,52,101,52,100,57,98,102,51,51,101,48,50,48,53,99,50,3,99,100,110,8,106,105,97,115,104,117,108,101,3,99,111,109,0,192,38,0,1,0,1,0,0,1,44,0,4,1,31,128,250,192,38,0,1,0,1,0,0,1,44,0,4,111,202,98,119,192,59,0,2,0,1,0,0,77,197,0,17,3,110,115,50,7,106,105,97,115,117,108,101,3,110,101,116,0,192,59,0,2,0,1,0,0,77,197,0,6,3,110,115,49,192,121,192,146,0,1,0,1,0,0,1,154,0,4,117,21,219,80,192,146,0,1,0,1,0,0,1,154,0,4,111,202,98,111,192,146,0,1,0,1,0,0,1,154,0,4,113,207,76,78,192,117,0,1,0,1,0,0,1,154,0,4,111,202,98,111,192,117,0,1,0,1,0,0,1,154,0,4,113,207,76,78,192,117,0,1,0,1,0,0,1,154,0,4,117,21,219,80
171,150,1,0,0,1,0,0,0,0,0,0,8,66,97,98,121,116,114,101,101,3,99,111,109,0,0,1,0,1
175,114,1,0,0,1,0,0,0,0,0,0,8,66,97,98,121,116,114,101,101,3,99,111,109,0,0,28,0,1
175,114,129,128,0,1,0,2,0,2,0,20,8,66,97,98,121,116,114,101,101,3,99,111,109,0,0,28,0,1,192,12,0,5,0,1,0,0,0,60,0,17,5,116,108,105,110,101,8,98,97,98,121,116,114,101,101,192,21,192,42,0,28,0,1,0,0,0,60,0,16,36,8,64,0,3,0,0,0,0,0,0,0,0,0,0,238,192,48,0,2,0,1,0,0,72,187,0,12,3,110,115,49,5,100,110,115,118,53,192,21,192,48,0,2,0,1,0,0,72,187,0,6,3,110,115,50,192,103,192,99,0,1,0,1,0,1,92,155,0,4,162,14,18,188,192,99,0,1,0,1,0,1,92,155,0,4,162,14,24,251,192,99,0,1,0,1,0,1,92,155,0,4,162,14,25,251,192,99,0,1,0,1,0,1,92,155,0,4,183,192,201,94,192,99,0,1,0,1,0,1,92,155,0,4,223,166,151,16,192,99,0,1,0,1,0,1,92,155,0,4,18,194,2,137,192,99,0,1,0,1,0,1,92,155,0,4,52,77,238,92,192,99,0,1,0,1,0,1,92,155,0,4,59,36,120,148,192,99,0,1,0,1,0,1,92,155,0,4,61,151,180,51,192,99,0,1,0,1,0,1,92,155,0,4,129,211,176,212,192,123,0,1,0,1,0,1,92,155,0,4,59,36,120,147,192,123,0,1,0,1,0,1,92,155,0,4,61,151,180,52,192,123,0,1,0,1,0,1,92,155,0,4,101,226,220,12,192,123,0,1,0,1,0,1,92,155,0,4,129,211,176,151,192,123,0,1,0,1,0,1,92,155,0,4,162,14,18,121,192,123,0,1,0,1,0,1,92,155,0,4,162,14,24,248,192,123,0,1,0,1,0,1,92,155,0,4,162,14,25,248,192,123,0,1,0,1,0,1,92,155,0,4,183,192,164,119,192,123,0,1,0,1,0,1,92,155,0,4,223,166,151,126,192,123,0,1,0,1,0,1,92,155,0,4,52,198,159,146
171,150,129,128,0,1,0,2,0,2,0,20,8,66,97,98,121,116,114,101,101,3,99,111,109,0,0,1,0,1,192,12,0,5,0,1,0,0,0,60,0,17,5,116,108,105,110,101,8,98,97,98,121,116,114,101,101,192,21,192,42,0,1,0,1,0,0,0,10,0,4,60,205,255,187,192,48,0,2,0,1,0,0,72,187,0,12,3,110,115,49,5,100,110,115,118,53,192,21,192,48,0,2,0,1,0,0,72,187,0,6,3,110,115,50,192,91,192,87,0,1,0,1,0,1,92,155,0,4,129,211,176,212,192,87,0,1,0,1,0,1,92,155,0,4,162,14,18,188,192,87,0,1,0,1,0,1,92,155,0,4,162,14,24,251,192,87,0,1,0,1,0,1,92,155,0,4,162,14,25,251,192,87,0,1,0,1,0,1,92,155,0,4,183,192,201,94,192,87,0,1,0,1,0,1,92,155,0,4,223,166,151,16,192,87,0,1,0,1,0,1,92,155,0,4,18,194,2,137,192,87,0,1,0,1,0,1,92,155,0,4,52,77,238,92,192,87,0,1,0,1,0,1,92,155,0,4,59,36,120,148,192,87,0,1,0,1,0,1,92,155,0,4,61,151,180,51,192,111,0,1,0,1,0,1,92,155,0,4,52,198,159,146,192,111,0,1,0,1,0,1,92,155,0,4,59,36,120,147,192,111,0,1,0,1,0,1,92,155,0,4,61,151,180,52,192,111,0,1,0,1,0,1,92,155,0,4,101,226,220,12,192,111,0,1,0,1,0,1,92,155,0,4,129,211,176,151,192,111,0,1,0,1,0,1,92,155,0,4,162,14,18,121,192,111,0,1,0,1,0,1,92,155,0,4,162,14,24,248,192,111,0,1,0,1,0,1,92,155,0,4,162,14,25,248,192,111,0,1,0,1,0,1,92,155,0,4,183,192,164,119,192,111,0,1,0,1,0,1,92,155,0,4,223,166,151,126
247,120,1,0,0,1,0,0,0,0,0,0,3,49,54,51,3,99,111,109,0,0,1,0,1
92,11,1,0,0,1,0,0,0,0,0,0,3,49,54,51,3,99,111,109,0,0,28,0,1
247,120,129,128,0,1,0,2,0,7,0,10,3,49,54,51,3,99,111,109,0,0,1,0,1,192,12,0,1,0,1,0,0,1,28,0,4,123,58,180,8,192,12,0,1,0,1,0,0,1,28,0,4,123,58,180,7,192,12,0,2,0,1,0,0,77,162,0,10,3,110,115,50,3,49,54,54,192,16,192,12,0,2,0,1,0,0,77,162,0,15,3,110,115,53,5,110,101,97,115,101,3,110,101,116,0,192,12,0,2,0,1,0,0,77,162,0,6,3,110,115,51,192,95,192,12,0,2,0,1,0,0,77,162,0,6,3,110,115,56,192,73,192,12,0,2,0,1,0,0,77,162,0,6,3,110,115,52,192,95,192,12,0,2,0,1,0,0,77,162,0,6,3,110,115,49,192,95,192,12,0,2,0,1,0,0,77,162,0,6,3,110,115,54,192,95,192,154,0,1,0,1,0,0,77,177,0,4,103,72,16,81,192,172,0,1,0,1,0,0,6,141,0,4,42,186,23,5,192,172,0,1,0,1,0,0,6,141,0,4,42,186,35,222,192,136,0,1,0,1,0,0,77,162,0,4,44,228,163,69,192,136,0,1,0,1,0,0,77,162,0,4,18,182,82,158,192,91,0,1,0,1,0,0,77,177,0,4,121,195,179,18,192,69,0,1,0,1,0,0,3,196,0,4,42,186,144,124,192,69,0,1,0,1,0,0,3,196,0,4,103,71,201,3,192,190,0,1,0,1,0,0,77,177,0,4,54,228,156,72,192,118,0,1,0,1,0,0,77,177,0,4,220,181,36,234
92,11,129,128,0,1,0,0,0,1,0,0,3,49,54,51,3,99,111,109,0,0,28,0,1,192,12,0,6,0,1,0,0,0,60,0,43,3,110,115,52,5,110,101,97,115,101,3,110,101,116,0,5,97,100,109,105,110,192,41,1,51,249,186,0,0,28,32,0,0,7,8,0,18,117,0,0,0,0,60
12,251,1,0,0,1,0,0,0,0,0,0,6,72,97,111,49,50,51,3,99,111,109,0,0,1,0,1
100,163,1,0,0,1,0,0,0,0,0,0,6,72,97,111,49,50,51,3,99,111,109,0,0,28,0,1
12,251,129,128,0,1,0,3,0,6,0,6,6,72,97,111,49,50,51,3,99,111,109,0,0,1,0,1,6,104,97,111,49,50,51,192,19,0,1,0,1,0,0,1,161,0,4,110,242,69,86,192,28,0,1,0,1,0,0,1,161,0,4,124,237,176,248,192,28,0,1,0,1,0,0,1,161,0,4,39,156,68,154,192,28,0,2,0,1,0,0,86,32,0,12,3,110,115,51,5,98,97,105,100,117,192,19,192,28,0,2,0,1,0,0,86,32,0,6,3,110,115,50,192,99,192,28,0,2,0,1,0,0,86,32,0,6,3,110,115,52,192,99,192,28,0,2,0,1,0,0,86,32,0,6,3,100,110,115,192,99,192,28,0,2,0,1,0,0,86,32,0,6,3,110,115,49,192,28,192,28,0,2,0,1,0,0,86,32,0,6,3,110,115,49,192,99,192,95,0,1,0,1,0,0,249,229,0,4,112,80,248,64,192,173,0,1,0,1,0,0,82,205,0,4,180,76,1,26,192,137,0,1,0,1,0,0,95,190,0,4,14,215,178,80,192,155,0,1,0,1,0,0,1,120,0,4,110,242,68,134,192,191,0,1,0,1,0,0,233,126,0,4,110,242,68,134,192,119,0,1,0,1,0,0,80,6,0,4,220,181,33,31
100,163,129,128,0,1,0,0,0,1,0,0,6,72,97,111,49,50,51,3,99,111,109,0,0,28,0,1,192,12,0,6,0,1,0,0,23,180,0,37,3,100,110,115,5,98,97,105,100,117,192,19,2,115,97,192,44,119,238,63,140,0,0,1,44,0,0,2,88,0,39,141,0,0,0,28,32
