87,222,0,0,0,8,255,15,0,5,0,1,1,0
109,6,0,0,0,8,255,15,0,5,0,1,1,0
109,6,0,0,0,6,255,15,0,5,0,1
96,141,0,0,0,6,255,15,0,5,0,1
49,123,0,0,0,6,255,15,0,0,0,1
49,124,0,0,0,9,255,15,0,9,0,10,2,255,3,49,125,0,0,0,8,255,15,0,8,0,1,1,1,49,126,0,0,0,8,255,15,0,6,0,1,1,0
87,222,0,0,0,6,255,15,0,5,0,1
48,138,0,0,0,9,255,15,0,9,0,10,2,255,3
99,111,0,0,0,8,255,15,0,5,0,1,1,0
99,111,0,0,0,6,255,15,0,5,0,1
48,138,0,0,0,6,255,15,0,9,0,10
48,139,0,0,0,8,255,15,0,8,0,1,1,1,48,140,0,0,0,8,255,15,0,6,0,1,1,0
50,6,0,0,0,6,255,1,0,0,0,6
50,6,0,0,0,4,255,1,1,0
49,124,0,0,0,6,255,15,0,9,0,10,49,125,0,0,0,6,255,15,0,8,0,1,49,126,0,0,0,6,255,15,0,6,0,1
50,7,0,0,0,6,255,1,0,0,0,6
50,7,0,0,0,4,255,1,1,0
50,8,0,0,0,6,255,2,0,0,0,10
50,8,0,0,0,5,255,2,2,3,0
49,127,0,0,0,6,255,1,0,0,0,19
48,141,0,0,0,6,255,1,0,0,0,19
48,139,0,0,0,6,255,15,0,8,0,1,48,140,0,0,0,6,255,15,0,6,0,1,48,141,0,0,0,6,255,1,3,1,255,7
48,142,0,0,0,6,255,2,0,0,0,12
49,127,0,0,0,6,255,1,3,0,255,7
49,128,0,0,0,6,255,2,0,0,0,12,49,129,0,0,0,6,255,4,2,187,0,16,49,130,0,0,0,6,255,2,0,99,0,30
29,58,0,0,0,6,255,1,0,0,0,7
29,58,0,0,0,4,255,1,1,0
29,59,0,0,0,6,255,2,0,0,0,10
29,59,0,0,0,5,255,2,2,3,0
48,142,0,0,0,5,255,2,2,1,0
96,142,0,0,0,6,255,4,1,143,0,2
11,128,0,0,0,6,255,1,0,0,0,7
11,128,0,0,0,4,255,1,1,0
11,129,0,0,0,6,255,2,0,0,0,10
11,129,0,0,0,5,255,2,2,2,0
49,128,0,0,0,5,255,2,2,2,0,49,129,0,0,0,35,255,4,32,0,0,0,0,0,0,0,0,0,0,0,0,0,0,0,0,0,0,0,0,0,0,0,0,0,0,0,0,0,0,0,0,49,130,0,0,0,7,255,2,4,0,0,0,0
96,142,0,0,0,7,255,4,4,182,0,71,127
96,143,0,0,0,6,255,4,0,1,0,99,96,144,0,0,0,6,255,4,0,41,0,2,96,145,0,0,0,6,255,4,8,171,0,22,96,146,0,0,0,6,255,4,8,210,0,2
94,17,0,0,0,6,255,1,0,0,0,7
94,17,0,0,0,4,255,1,1,0
94,18,0,0,0,6,255,2,0,0,0,10
94,18,0,0,0,5,255,2,2,2,0
37,201,0,0,0,6,255,1,0,0,0,6
37,201,0,0,0,4,255,1,1,0
37,202,0,0,0,6,255,1,0,0,0,6
37,202,0,0,0,4,255,1,1,0
37,203,0,0,0,6,255,2,0,0,0,10
37,203,0,0,0,5,255,2,2,2,0
96,143,0,0,0,201,255,4,198,0,30,0,0,48,48,48,48,54,48,53,50,49,57,54,54,0,0,0,0,0,1,0,0,48,48,48,48,48,48,48,48,48,48,48,48,56,48,56,57,50,55,0,0,0,0,0,0,0,0,0,0,0,0,0,0,0,2,0,0,0,0,0,0,0,0,0,0,0,0,0,0,0,0,0,0,0,1,0,52,0,4,0,0,0,0,0,0,0,0,0,0,0,0,0,0,0,0,0,0,0,0,0,0,0,0,0,0,0,0,0,0,0,0,0,0,0,0,0,0,0,0,0,0,0,0,0,0,0,0,0,0,0,0,0,0,121,111,97,115,0,102,0,0,0,0,0,0,0,0,0,0,0,0,0,0,121,111,97,115,0,102,0,0,0,0,0,0,0,0,0,0,0,0,0,0,121,0,97,115,0,102,0,0,0,0,0,0,0,0,0,0,0,0,0,0,3,132,96,144,0,0,0,7,255,4,4,0,4,0,0,96,145,0,0,0,47,255,4,44,0,0,0,0,0,0,0,0,0,0,0,0,0,0,0,0,0,0,0,0,0,0,0,0,0,0,0,0,0,0,0,0,0,0,0,0,0,0,0,0,0,0,0,0,96,146,0,0,0,7,255,4,4,0,0,0,0
96,147,0,0,0,6,255,2,0,99,0,30
96,147,0,0,0,7,255,2,4,189,15,103,57
87,223,0,0,0,6,255,4,1,143,0,2
87,224,0,0,0,6,255,4,0,1,0,99,87,225,0,0,0,6,255,4,0,41,0,2,87,226,0,0,0,6,255,4,8,171,0,22,87,227,0,0,0,6,255,4,8,210,0,2,87,228,0,0,0,6,255,2,0,99,0,30
87,223,0,0,0,7,255,4,4,0,0,0,0
109,7,0,0,0,6,255,1,0,0,0,6
109,7,0,0,0,4,255,1,1,0
109,8,0,0,0,6,255,1,0,0,0,6
109,8,0,0,0,4,255,1,1,0
109,9,0,0,0,6,255,1,0,0,0,6
109,9,0,0,0,4,255,1,1,0
109,10,0,0,0,6,255,1,0,0,0,6
99,112,0,0,0,6,255,1,0,0,0,6
109,10,0,0,0,4,255,1,1,0
109,11,0,0,0,6,255,2,0,0,0,10
99,112,0,0,0,4,255,1,1,0
99,113,0,0,0,6,255,2,0,0,0,10
109,11,0,0,0,5,255,2,2,0,0
99,113,0,0,0,5,255,2,2,3,0
87,224,0,0,0,201,255,4,198,0,0,0,0,0,0,0,0,0,0,0,0,0,0,0,0,0,0,0,0,0,1,0,0,0,0,0,0,0,0,0,0,0,0,0,0,0,0,0,0,0,0,0,0,0,0,0,0,0,0,0,0,0,0,0,0,0,0,0,0,0,0,0,0,0,0,0,0,0,0,0,0,0,0,0,0,0,1,0,0,0,3,0,0,0,0,0,0,0,0,0,0,0,0,0,0,1,220,0,0,1,214,0,0,74,96,0,0,0,0,0,0,0,0,0,0,0,0,0,0,0,0,0,0,0,0,0,0,0,0,0,0,0,0,0,0,121,111,97,115,0,102,0,0,0,0,0,0,0,0,0,0,0,0,0,0,121,111,97,115,0,102,0,0,0,0,0,0,0,0,0,0,0,0,0,0,121,0,97,115,0,102,0,0,0,0,0,0,0,0,0,0,0,0,0,0,3,132,87,225,0,0,0,7,255,4,4,0,3,0,0,87,226,0,0,0,47,255,4,44,0,0,0,0,0,0,0,0,0,0,0,0,0,0,0,0,0,0,0,0,0,0,0,0,0,0,0,0,0,0,0,0,0,0,0,0,0,0,0,0,0,0,0,0,87,227,0,0,0,7,255,4,4,0,0,0,0,87,228,0,0,0,7,255,2,4,189,79,103,57
37,204,0,0,0,6,255,4,0,48,0,40
94,19,0,0,0,6,255,4,0,48,0,40
50,9,0,0,0,6,255,4,0,48,0,40
109,12,0,0,0,6,255,4,0,48,0,40
37,204,0,0,0,83,255,4,80,48,48,48,48,48,48,48,48,48,48,48,48,48,51,54,48,55,50,0,0,0,0,0,0,0,0,0,0,0,0,0,0,48,48,48,48,48,54,50,53,54,51,53,57,0,0,0,0,0,0,0,0,0,0,0,0,0,0,0,0,0,0,0,0,0,236,0,0,0,0,0,0,0,0,0,0,0,0,0,0
99,114,0,0,0,6,255,4,0,48,0,40
37,205,0,0,0,6,255,4,4,76,0,115,37,206,0,0,0,6,255,4,5,20,0,4,37,207,0,0,0,6,255,2,0,203,0,30
94,19,0,0,0,83,255,4,80,48,48,48,48,48,48,48,48,48,48,48,48,48,51,54,48,55,50,0,0,0,0,0,0,0,0,0,0,0,0,0,0,48,48,48,48,48,54,50,53,54,56,50,51,0,0,0,0,0,0,0,0,0,0,0,0,0,0,0,0,0,0,0,0,17,158,0,0,0,9,0,0,0,0,0,0,0,0,0,0
50,9,0,0,0,83,255,4,80,48,48,48,48,48,48,48,48,48,48,48,48,48,56,57,56,54,48,0,0,0,0,0,0,0,0,0,0,0,0,0,0,84,57,57,57,57,57,57,57,57,56,56,56,0,0,0,0,0,0,0,0,0,0,0,0,0,0,0,0,0,0,0,0,0,0,0,0,0,0,0,0,0,0,0,0,0,0,0,0
109,12,0,0,0,83,255,4,80,48,48,48,48,48,48,48,48,48,48,48,48,48,56,57,57,50,54,0,0,0,0,0,0,0,0,0,0,0,0,0,0,48,48,48,48,48,54,50,52,56,53,50,53,0,0,0,0,0,0,0,0,0,0,0,0,0,0,0,0,0,0,0,0,0,0,0,0,0,0,0,0,0,0,0,0,0,0,0,0
94,20,0,0,0,6,255,4,4,76,0,115,94,21,0,0,0,6,255,4,5,20,0,4,94,22,0,0,0,6,255,2,0,203,0,30
50,10,0,0,0,6,255,4,4,76,0,115,50,11,0,0,0,6,255,4,5,20,0,4,50,12,0,0,0,6,255,2,0,203,0,30
109,13,0,0,0,6,255,4,4,76,0,115,109,14,0,0,0,6,255,4,5,20,0,4,109,15,0,0,0,6,255,2,0,203,0,30
99,114,0,0,0,83,255,4,80,48,48,48,48,48,48,48,48,48,48,48,48,48,56,57,57,50,54,0,0,0,0,0,0,0,0,0,0,0,0,0,0,48,48,48,48,48,54,50,53,52,50,54,55,0,0,0,0,0,0,0,0,0,0,0,0,0,0,0,0,0,0,0,0,0,89,0,0,0,6,0,0,0,0,0,0,0,0,0,0
99,115,0,0,0,6,255,4,4,76,0,115,99,116,0,0,0,6,255,4,5,20,0,4,99,117,0,0,0,6,255,2,0,203,0,30
109,13,0,0,0,233,255,4,230,0,0,0,2,0,0,0,6,39,16,0,0,0,0,0,0,0,0,0,0,0,60,0,12,0,60,0,12,1,244,0,30,0,4,1,251,0,5,0,0,0,5,0,233,0,8,0,0,0,0,0,110,0,13,0,191,0,7,0,36,0,63,0,21,0,5,0,30,0,140,0,40,0,10,0,6,0,6,0,6,0,7,0,5,0,0,0,0,0,0,0,0,0,0,0,0,0,0,0,0,0,50,0,0,0,15,1,44,0,0,0,0,0,0,0,0,0,0,0,0,0,0,0,0,0,0,0,0,0,0,0,0,0,0,0,0,0,0,0,0,0,0,0,0,0,0,0,0,0,0,0,0,0,0,0,0,0,0,0,0,0,0,0,0,0,0,0,0,0,0,0,0,0,0,0,0,0,0,0,0,0,0,0,0,0,0,0,0,0,0,0,0,0,0,0,0,0,0,0,0,109,104,105,103,103,32,115,105,108,118,105,97,32,32,32,32,32,32,32,32,32,32,78,111,110,101,32,32,0,0
37,205,0,0,0,233,255,4,230,0,50,0,3,0,0,0,4,0,0,0,0,0,0,0,0,0,0,0,0,0,60,0,11,0,60,0,11,2,88,0,30,0,4,1,254,0,110,0,0,0,5,0,228,0,8,0,0,0,0,0,115,0,15,0,149,0,5,0,15,0,16,0,21,0,131,0,42,0,28,0,40,0,23,0,37,0,6,0,9,0,10,0,10,0,0,0,0,0,0,0,0,0,0,0,0,0,0,0,0,0,55,0,0,0,8,0,0,0,0,0,0,0,0,0,0,0,0,0,0,0,0,0,0,0,0,0,0,0,0,0,0,0,0,0,0,0,0,0,0,0,0,0,0,0,0,0,0,0,0,0,0,0,0,0,0,0,0,0,0,0,0,0,0,0,0,0,0,0,0,0,0,0,0,0,0,0,0,0,0,0,0,0,0,0,0,0,0,0,0,0,0,0,0,0,0,0,0,0,0,107,115,116,114,121,32,107,115,105,101,122,110,105,99,122,107,97,48,57,32,32,32,107,115,116,114,121,32,3,132
50,10,0,0,0,233,255,4,230,0,30,0,1,0,0,0,2,39,17,0,0,0,0,0,0,0,0,0,0,0,60,0,14,0,60,0,14,5,20,0,50,0,4,1,251,0,5,0,0,0,5,0,239,0,8,0,0,0,0,0,105,0,11,0,154,0,9,0,10,0,149,0,21,0,12,0,30,0,56,0,40,0,14,0,22,0,30,0,8,0,8,0,11,0,0,0,0,0,0,0,0,0,0,0,0,0,12,0,15,0,56,0,0,0,15,2,88,0,0,0,0,0,0,0,0,0,0,0,0,0,0,0,0,0,0,0,0,0,0,0,0,0,0,0,0,0,0,0,0,0,0,0,0,0,0,0,0,0,0,0,0,0,0,0,0,0,0,0,0,0,0,0,0,0,0,0,0,0,0,0,0,0,0,0,0,0,0,0,0,0,0,0,0,0,0,0,0,0,0,0,0,0,0,0,0,0,0,0,0,0,0,0,0,0,0,0,0,0,0,0,0,0,0,0,0,0,0,0,0,0,0,78,111,110,101,32,32,0,0
94,20,0,0,0,233,255,4,230,0,50,0,3,0,0,0,4,0,0,0,0,0,0,0,0,0,0,0,0,0,70,0,10,0,70,0,10,2,238,0,30,0,4,1,238,0,93,0,0,0,5,0,220,0,8,0,0,0,0,0,115,0,15,0,170,0,7,0,17,0,69,0,20,0,61,0,35,0,21,0,40,0,15,0,7,0,9,0,11,0,15,0,10,0,0,0,0,0,0,0,0,0,0,0,0,0,0,0,0,0,57,0,0,0,13,0,0,0,0,0,0,0,0,0,0,0,0,0,0,0,0,0,0,0,0,0,0,0,0,0,0,0,0,0,0,0,0,0,0,0,0,0,0,0,0,0,0,0,0,0,0,0,0,0,0,0,0,0,0,0,0,0,0,0,0,0,0,0,0,0,0,0,0,0,0,0,0,0,0,0,0,0,0,0,0,0,0,0,0,0,0,0,0,0,0,0,0,0,0,105,99,111,108,108,32,105,99,111,108,108,32,32,32,32,32,32,32,32,32,32,32,78,111,110,101,32,32,0,0
99,115,0,0,0,233,255,4,230,0,50,0,2,0,0,0,5,39,18,0,0,0,0,0,0,0,0,0,0,0,60,0,11,0,60,0,11,2,238,0,30,0,4,1,251,0,5,0,0,0,5,0,231,0,8,0,0,0,0,0,120,0,17,0,163,0,7,0,14,0,63,0,21,0,104,0,30,0,145,0,40,0,14,0,35,0,6,0,11,0,7,0,8,0,0,0,0,0,0,0,0,0,0,0,0,0,0,0,0,0,61,0,0,0,15,0,0,0,0,0,0,0,0,0,0,0,0,0,0,0,0,0,0,0,0,0,0,0,0,0,0,0,0,0,0,0,0,0,0,0,0,0,0,0,0,0,0,0,0,0,0,0,0,0,0,0,0,0,0,0,0,0,0,0,0,0,0,0,0,0,0,0,0,0,0,0,0,0,0,0,0,0,0,0,0,0,0,0,0,0,0,0,0,0,0,0,0,0,0,82,69,68,87,65,32,114,121,97,110,49,32,32,32,32,32,32,32,32,32,32,32,78,111,110,101,32,32,0,0
96,148,0,0,0,6,255,1,0,0,0,10
96,148,0,0,0,5,255,1,2,1,0
96,149,0,0,0,6,255,2,0,0,0,11
31,28,0,0,0,6,255,4,1,143,0,2
31,29,0,0,0,6,255,4,0,1,0,99,31,30,0,0,0,6,255,4,0,41,0,2,31,31,0,0,0,6,255,4,8,171,0,22
31,28,0,0,0,7,255,4,4,240,0,70,35
96,149,0,0,0,5,255,2,2,2,0
31,32,0,0,0,6,255,4,8,210,0,2
31,29,0,0,0,201,255,4,198,0,50,0,0,48,48,48,48,54,48,53,50,51,54,57,53,0,0,0,0,0,1,0,0,48,48,48,48,48,48,48,48,48,48,48,48,51,48,48,54,50,55,0,0,0,0,0,0,0,0,0,0,0,0,0,0,0,5,0,0,0,0,0,0,0,0,0,0,0,0,0,0,0,0,0,0,0,1,0,0,0,4,0,0,0,0,0,0,0,0,0,0,0,0,0,0,0,2,0,0,0,6,0,0,0,80,0,0,0,1,0,0,0,40,0,0,0,0,0,0,0,0,0,0,0,0,0,0,0,0,0,0,0,0,0,0,112,111,97,112,0,99,0,0,0,0,0,0,0,0,0,0,0,0,0,0,112,111,97,112,0,99,0,0,0,0,0,0,0,0,0,0,0,0,0,0,112,0,97,112,0,99,0,0,0,0,0,0,0,0,0,0,0,0,0,0,0,20,31,30,0,0,0,7,255,4,4,0,4,0,0,31,31,0,0,0,47,255,4,44,0,0,0,0,0,0,0,0,0,0,0,0,0,0,0,0,0,0,0,0,0,0,0,0,0,0,0,0,0,0,0,0,0,0,0,0,0,0,0,0,0,0,0,0
87,229,0,0,0,6,255,1,0,0,0,10
69,10,0,0,0,6,255,1,0,0,0,10
